{"nodes":{"node:1":{"location":{"x":1134,"y":788}},"node:11":{"location":{"x":1700,"y":440}},"node:17":{"location":{"x":528,"y":860}},"node:19":{"location":{"x":761,"y":852}},"node:2":{"location":{"x":1129,"y":464}},"node:30":{"location":{"x":497,"y":1040}},"node:31":{"location":{"x":2334,"y":436}},"node:33":{"location":{"x":2113,"y":720}},"node:34":{"location":{"x":2632,"y":104}},"node:35":{"location":{"x":2036,"y":128}},"node:36":{"location":{"x":2552,"y":-92}},"node:38":{"location":{"x":2300,"y":20}},"node:39":{"location":{"x":1351,"y":593}},"node:40":{"location":{"x":1313,"y":688}},"node:41":{"location":{"x":1866,"y":656}}},"selection":null,"view":{"scroll":{"x":469.049072265625,"y":-164.83282470703125},"visible_rect":{"max":{"x":3140.09814453125,"y":1104.3343505859375},"min":{"x":938.09814453125,"y":-329.6656494140625}},"zoom":0.5}}