{"nodes":{"node:1000002":{"location":{"x":600,"y":0}},"node:1000003":{"location":{"x":100,"y":150}},"node:1000004":{"location":{"x":600,"y":100}},"node:1000006":{"location":{"x":600,"y":200}},"node:1000013":{"location":{"x":600,"y":300}},"node:3000002":{"location":{"x":350,"y":0}},"node:3000003":{"location":{"x":350,"y":100}},"node:3000004":{"location":{"x":350,"y":200}},"node:3000011":{"location":{"x":350,"y":300}}},"selection":null,"view":{"scroll":{"x":20.19757080078125,"y":6.043243408203125},"visible_rect":{"max":{"x":784.3951416015625,"y":444.08648681640625},"min":{"x":40.3951416015625,"y":12.08648681640625}},"zoom":0.5}}