{"nodes":{"node:1000003":{"location":{"x":600,"y":100}},"node:1000006":{"location":{"x":100,"y":150}},"node:1000007":{"location":{"x":600,"y":200}},"node:3000004":{"location":{"x":350,"y":100}},"node:3000005":{"location":{"x":350,"y":200}}},"selection":null,"view":{"scroll":{"x":-23.40826416015625,"y":1.4219970703125},"visible_rect":{"max":{"x":697.1834716796875,"y":434.843994140625},"min":{"x":-46.8165283203125,"y":2.843994140625}},"zoom":0.5}}