{"nodes":{"node:1000000":{"location":{"x":100,"y":150}},"node:1000001":{"location":{"x":600,"y":150}},"node:1010000":{"location":{"x":600,"y":100}},"node:1010001":{"location":{"x":100,"y":150}},"node:1010002":{"location":{"x":600,"y":200}},"node:1020001":{"location":{"x":600,"y":150}},"node:1020002":{"location":{"x":100,"y":150}},"node:1070006":{"location":{"x":600,"y":100}},"node:1070007":{"location":{"x":100,"y":150}},"node:1070008":{"location":{"x":600,"y":150}},"node:1080007":{"location":{"x":600,"y":0}},"node:1080008":{"location":{"x":100,"y":150}},"node:1080009":{"location":{"x":600,"y":100}},"node:1080010":{"location":{"x":600,"y":200}},"node:1080011":{"location":{"x":600,"y":300}},"node:1090008":{"location":{"x":600,"y":0}},"node:1090009":{"location":{"x":100,"y":150}},"node:1090010":{"location":{"x":600,"y":100}},"node:1090011":{"location":{"x":600,"y":200}},"node:1090012":{"location":{"x":600,"y":300}},"node:3000000":{"location":{"x":350,"y":150}},"node:3010000":{"location":{"x":350,"y":100}},"node:3010001":{"location":{"x":350,"y":200}},"node:3020001":{"location":{"x":350,"y":150}},"node:3070005":{"location":{"x":350,"y":150}},"node:3070006":{"location":{"x":350,"y":200}},"node:3080005":{"location":{"x":350,"y":0}},"node:3080006":{"location":{"x":350,"y":100}},"node:3080007":{"location":{"x":350,"y":200}},"node:3080008":{"location":{"x":350,"y":300}},"node:3090007":{"location":{"x":350,"y":0}},"node:3090008":{"location":{"x":350,"y":100}},"node:3090009":{"location":{"x":350,"y":200}},"node:3090010":{"location":{"x":350,"y":300}}},"selection":["link:8933566339498382"],"view":{"scroll":{"x":168.0772705078125,"y":16.1796340942382812},"visible_rect":{"max":{"x":720.10302734375,"y":309.572845458984375},"min":{"x":224.10302734375,"y":21.572845458984375}},"zoom":0.75}}