{"nodes":{"node:1":{"location":{"x":1208,"y":772}},"node:11":{"location":{"x":1700,"y":440}},"node:2":{"location":{"x":1129,"y":448}},"node:31":{"location":{"x":2344,"y":444}},"node:33":{"location":{"x":2081,"y":368}},"node:34":{"location":{"x":2798,"y":448}},"node:35":{"location":{"x":2032,"y":688}},"node:36":{"location":{"x":2344,"y":148}},"node:38":{"location":{"x":2153,"y":180}},"node:39":{"location":{"x":1353,"y":528}},"node:40":{"location":{"x":1121,"y":560}},"node:44":{"location":{"x":2161,"y":496}},"node:45":{"location":{"x":2001,"y":192}},"node:46":{"location":{"x":2569,"y":672}},"node:47":{"location":{"x":1057,"y":784}}},"selection":["link:4797478470735"],"view":{"scroll":{"x":1822.857177734375,"y":34.0064544677734375},"visible_rect":{"max":{"x":2991.857177734375,"y":781.0064697265625},"min":{"x":1822.857177734375,"y":34.0064544677734375}},"zoom":1}}