{"nodes":{"node:1080007":{"location":{"x":600,"y":100}},"node:1080008":{"location":{"x":100,"y":150}},"node:1080009":{"location":{"x":600,"y":200}},"node:1090008":{"location":{"x":600,"y":0}},"node:1090009":{"location":{"x":100,"y":150}},"node:1090010":{"location":{"x":600,"y":100}},"node:1090011":{"location":{"x":600,"y":200}},"node:1090012":{"location":{"x":600,"y":300}},"node:1100009":{"location":{"x":600,"y":150}},"node:1100010":{"location":{"x":100,"y":150}},"node:1110009":{"location":{"x":600,"y":150}},"node:1110011":{"location":{"x":100,"y":150}},"node:1120009":{"location":{"x":600,"y":150}},"node:1120012":{"location":{"x":100,"y":150}},"node:1130003":{"location":{"x":600,"y":100}},"node:1130013":{"location":{"x":100,"y":150}},"node:1130014":{"location":{"x":600,"y":200}},"node:3080006":{"location":{"x":350,"y":100}},"node:3080007":{"location":{"x":350,"y":200}},"node:3090007":{"location":{"x":350,"y":0}},"node:3090008":{"location":{"x":350,"y":100}},"node:3090009":{"location":{"x":350,"y":200}},"node:3090010":{"location":{"x":350,"y":300}},"node:3100008":{"location":{"x":350,"y":150}},"node:3110009":{"location":{"x":350,"y":150}},"node:3120010":{"location":{"x":350,"y":150}},"node:3130011":{"location":{"x":350,"y":100}},"node:3130012":{"location":{"x":350,"y":200}}},"selection":null,"view":{"scroll":{"x":57.74847412109375,"y":-4.28049087524414062},"visible_rect":{"max":{"x":859.4969482421875,"y":423.43902587890625},"min":{"x":115.4969482421875,"y":-8.56098175048828125}},"zoom":0.5}}