{"nodes":{"node:1000001":{"location":{"x":600,"y":100}},"node:1000002":{"location":{"x":600,"y":0}},"node:1000003":{"location":{"x":600,"y":100}},"node:1000004":{"location":{"x":600,"y":100}},"node:1000006":{"location":{"x":100,"y":150}},"node:1000007":{"location":{"x":600,"y":200}},"node:1000008":{"location":{"x":600,"y":200}},"node:1000013":{"location":{"x":600,"y":300}},"node:3000001":{"location":{"x":350,"y":100}},"node:3000002":{"location":{"x":350,"y":0}},"node:3000003":{"location":{"x":350,"y":100}},"node:3000004":{"location":{"x":350,"y":100}},"node:3000005":{"location":{"x":350,"y":200}},"node:3000006":{"location":{"x":350,"y":200}},"node:3000011":{"location":{"x":350,"y":300}}},"selection":null,"view":{"scroll":{"x":14.2263565063476562,"y":16.4630126953125},"visible_rect":{"max":{"x":772.45269775390625,"y":464.926025390625},"min":{"x":28.4527130126953125,"y":32.926025390625}},"zoom":0.5}}