{"nodes":{"node:1000008":{"location":{"x":600,"y":0}},"node:1000009":{"location":{"x":100,"y":150}},"node:1000010":{"location":{"x":600,"y":100}},"node:1000011":{"location":{"x":600,"y":200}},"node:1000012":{"location":{"x":600,"y":300}},"node:3000007":{"location":{"x":350,"y":0}},"node:3000008":{"location":{"x":350,"y":100}},"node:3000009":{"location":{"x":350,"y":200}},"node:3000010":{"location":{"x":350,"y":300}}},"selection":null,"view":{"scroll":{"x":106.796661376953125,"y":15.7693138122558594},"visible_rect":{"max":{"x":638.39556884765625,"y":309.0257568359375},"min":{"x":142.395553588867188,"y":21.0257530212402344}},"zoom":0.75}}