{"nodes":{"node:1020001":{"location":{"x":300,"y":150}},"node:1020002":{"location":{"x":0,"y":0}},"node:1020003":{"location":{"x":-100,"y":150}},"node:1030002":{"location":{"x":300,"y":150}},"node:1030003":{"location":{"x":0,"y":0}},"node:1030004":{"location":{"x":100,"y":350}},"node:1030006":{"location":{"x":-100,"y":150}},"node:1030013":{"location":{"x":99,"y":-50}},"node:1040003":{"location":{"x":300,"y":150}},"node:1040004":{"location":{"x":100,"y":150}},"node:3020001":{"location":{"x":150,"y":75}},"node:3020002":{"location":{"x":-183,"y":341}},"node:3030002":{"location":{"x":57,"y":197}},"node:3030003":{"location":{"x":-88,"y":293}},"node:3030004":{"location":{"x":-50,"y":75}},"node:3030011":{"location":{"x":49,"y":-25}},"node:3040003":{"location":{"x":200,"y":150}}},"selection":null,"view":{"scroll":{"x":-110.69775390625,"y":20.14111328125},"visible_rect":{"max":{"x":522.6044921875,"y":472.2822265625},"min":{"x":-221.3955078125,"y":40.2822265625}},"zoom":0.5}}