{"nodes":null,"selection":null,"view":{"scroll":{"x":414.989288330078125,"y":-175.101669311523438},"visible_rect":{"max":{"x":3201.745849609375,"y":1144.4808349609375},"min":{"x":876.450927734375,"y":-369.81201171875}},"zoom":0.473488330841064453}}