{"nodes":{"node:1":{"location":{"x":1703,"y":114}},"node:2":{"location":{"x":1753,"y":-48}},"node:3":{"location":{"x":2216,"y":-76}},"node:4":{"location":{"x":1910,"y":208}}},"selection":null,"view":{"scroll":{"x":641.1416015625,"y":-241.157089233398438},"visible_rect":{"max":{"x":3201.74560546875,"y":1104.3343505859375},"min":{"x":876.450927734375,"y":-329.6656494140625}},"zoom":0.731520235538482666}}