{"nodes":{"node:1000002":{"location":{"x":600,"y":0}},"node:1000003":{"location":{"x":100,"y":150}},"node:1000004":{"location":{"x":600,"y":100}},"node:1000006":{"location":{"x":600,"y":200}},"node:1000013":{"location":{"x":600,"y":300}},"node:3000002":{"location":{"x":350,"y":0}},"node:3000003":{"location":{"x":350,"y":100}},"node:3000004":{"location":{"x":350,"y":200}},"node:3000011":{"location":{"x":350,"y":300}}},"selection":null,"view":{"scroll":{"x":-7.84161043167114258,"y":2.74531841278076172},"visible_rect":{"max":{"x":818.53118896484375,"y":491.681304931640625},"min":{"x":-17.6258544921875,"y":6.170745849609375}},"zoom":0.44489249587059021}}