{"nodes":null,"selection":null,"view":{"scroll":{"x":44.3849296569824219,"y":50.7530937194824219},"visible_rect":{"max":{"x":555.17999267578125,"y":355.67083740234375},"min":{"x":59.1799201965332031,"y":67.670806884765625}},"zoom":0.749999821186065674}}