{"nodes":{"node:1030002":{"location":{"x":600,"y":0}},"node:1030003":{"location":{"x":100,"y":150}},"node:1030004":{"location":{"x":600,"y":100}},"node:1030006":{"location":{"x":600,"y":200}},"node:1030013":{"location":{"x":600,"y":300}},"node:1040003":{"location":{"x":600,"y":150}},"node:1040004":{"location":{"x":100,"y":150}},"node:3030002":{"location":{"x":350,"y":0}},"node:3030003":{"location":{"x":350,"y":100}},"node:3030004":{"location":{"x":350,"y":200}},"node:3030011":{"location":{"x":350,"y":300}},"node:3040003":{"location":{"x":350,"y":150}}},"selection":null,"view":{"scroll":{"x":-15.2818145751953125,"y":-10.880340576171875},"visible_rect":{"max":{"x":713.4364013671875,"y":410.23931884765625},"min":{"x":-30.563629150390625,"y":-21.76068115234375}},"zoom":0.5}}